year,January nth,February nth,March nth,April nth,May nth,June nth,July nth,August nth,September nth,October nth,November nth,December nth
1800,5.407965986137242e-08,5.407965986137242e-08,4.0559744007850895e-08,6.759957216218027e-08,5.407965986137242e-08,6.759957216218027e-08,6.759957216218027e-08,2.703982993068621e-08,0.0,2.703982993068621e-08,0.0,6.759957216218027e-08
1801,8.919487370917523e-09,1.7838974741835045e-08,7.135589896734018e-08,2.6758462112752568e-08,8.027538456190086e-08,5.3516924225505136e-08,8.919487370917523e-09,8.919487370917523e-09,8.919487370917523e-09,8.919487370917523e-09,6.24364133727795e-08,8.919487370917523e-09
1802,0.0,0.0,6.987991696405516e-08,2.994853431914635e-08,5.98970686382927e-08,1.9965689546097565e-08,9.982844773048782e-09,0.0,0.0,1.9965689546097565e-08,0.0,2.994853431914635e-08
1803,3.673700987860684e-08,5.51055165942671e-08,9.18425246965171e-09,0.0,9.18425246965171e-09,1.836850493930342e-08,5.51055165942671e-08,9.18425246965171e-09,9.18425246965171e-09,0.0,9.18425246965171e-09,9.18425246965171e-09
1804,1.6757903509301286e-08,8.378951754650643e-09,8.378951754650643e-09,2.513685615213035e-08,8.378951754650643e-09,8.378951754650643e-09,0.0,8.378951754650643e-09,1.6757903509301286e-08,1.6757903509301286e-08,1.6757903509301286e-08,0.0
1805,1.6583744155695967e-08,4.145935861288308e-08,8.291872077847984e-09,1.6583744155695967e-08,2.487561623354395e-08,2.487561623354395e-08,8.291872077847984e-09,1.6583744155695967e-08,0.0,0.0,8.291872077847984e-09,8.291872077847984e-09
1806,0.0,1.6179974693386612e-08,1.6179974693386612e-08,0.0,1.6179974693386612e-08,3.2359949386773224e-08,1.6179974693386612e-08,0.0,1.6179974693386612e-08,2.4269962040079918e-08,0.0,0.0
1807,0.0,1.4817072901962547e-08,5.1859753824601285e-08,1.4817072901962547e-08,2.222560979703303e-08,0.0,0.0,0.0,0.0,2.9634145803925094e-08,0.0,0.0
1808,0.0,1.4733109843234615e-08,1.4733109843234615e-08,7.366554921617308e-09,7.366554921617308e-09,2.2099664320762713e-08,0.0,7.366554921617308e-09,7.366554921617308e-09,7.366554921617308e-09,0.0,7.366554921617308e-09
1809,0.0,2.0818308854586576e-08,0.0,0.0,1.387887316184333e-08,5.551549264737332e-08,6.939436580921665e-09,5.551549264737332e-08,0.0,6.939436580921665e-09,6.939436580921665e-09,1.387887316184333e-08
1810,0.0,0.0,0.0,1.2670660964886338e-08,0.0,0.0,0.0,0.0,0.0,0.0,0.0,0.0
1811,1.0792120086478008e-08,0.0,0.0,1.0792120086478008e-08,1.0792120086478008e-08,1.0792120086478008e-08,3.7772419858583817e-08,0.0,5.396060043239004e-09,0.0,0.0,0.0
1812,5.550012893706935e-09,1.6650037792942385e-08,0.0,0.0,5.550012893706935e-09,1.110002578741387e-08,2.220005157482774e-08,5.550012893706935e-09,0.0,0.0,5.550012893706935e-09,0.0
1813,6.615868297643601e-09,6.615868297643601e-09,1.3231736595287202e-08,6.615868297643601e-09,1.9847604448841594e-08,2.6463473190574405e-08,0.0,0.0,0.0,1.3231736595287202e-08,6.615868297643601e-09,0.0
1814,5.680360182225286e-09,1.7041081434854277e-08,1.7041081434854277e-08,5.680360182225286e-09,1.1360720364450572e-08,2.2721440728901143e-08,1.1360720364450572e-08,1.7041081434854277e-08,0.0,5.680360182225286e-09,1.1360720364450572e-08,0.0
1815,0.0,1.2251339498448033e-08,6.1256697492240164e-09,1.837700835949363e-08,6.1256697492240164e-09,6.1256697492240164e-09,0.0,0.0,6.1256697492240164e-09,6.1256697492240164e-09,0.0,0.0
1816,0.0,0.0,1.775964264538743e-08,0.0,2.3679524119302187e-08,1.775964264538743e-08,1.775964264538743e-08,2.9599405593216943e-08,1.1839762059651093e-08,0.0,5.919881029825547e-09,0.0
1817,0.0,0.0,0.0,0.0,5.242206668754079e-09,2.6211033343770396e-08,1.0484413337508158e-08,5.242206668754079e-09,0.0,0.0,0.0,5.242206668754079e-09
1818,4.67690908223517e-09,9.35381816447034e-09,9.35381816447034e-09,4.67690908223517e-09,7.015363934215202e-08,9.35381816447034e-09,9.35381816447034e-09,4.67690908223517e-09,0.0,0.0,0.0,0.0
1819,5.493252075439159e-09,0.0,5.493252075439159e-09,1.0986504150878318e-08,5.493252075439159e-09,1.6479756226317477e-08,1.6479756226317477e-08,2.1973008301756636e-08,1.0986504150878318e-08,5.493252075439159e-09,0.0,5.493252075439159e-09
1820,4.137782561031145e-09,4.137782561031145e-09,4.137782561031145e-09,4.137782561031145e-09,0.0,8.27556512206229e-09,0.0,0.0,0.0,0.0,0.0,0.0
1821,0.0,0.0,0.0,0.0,5.266149738503145e-09,3.6863049501789646e-08,1.053229947700629e-08,0.0,0.0,0.0,0.0,0.0
1822,0.0,3.525186365038735e-09,7.05037273007747e-09,0.0,1.0575559095116205e-08,3.525186365038735e-09,0.0,3.525186365038735e-09,0.0,1.0575559095116205e-08,1.410074546015494e-08,3.525186365038735e-09
1823,0.0,0.0,0.0,0.0,0.0,7.526274714564352e-09,3.763137357282176e-09,0.0,2.2578824143693055e-08,0.0,0.0,0.0
1824,3.091642275521167e-09,1.2366569102084668e-08,0.0,0.0,0.0,1.545821071147202e-08,0.0,0.0,0.0,0.0,3.091642275521167e-09,0.0
1825,0.0,5.996754648407432e-09,0.0,0.0,1.4991886843063185e-08,0.0,0.0,1.4991886843063185e-08,0.0,5.996754648407432e-09,0.0,5.996754648407432e-09
1826,0.0,0.0,3.923346980627684e-09,1.9616734903138422e-08,1.5693387922510738e-08,1.1770040941883053e-08,1.1770040941883053e-08,3.923346980627684e-09,0.0,0.0,3.923346980627684e-09,0.0
1827,0.0,7.548956126868234e-09,0.0,3.774478063434117e-09,1.5097912253736467e-08,0.0,0.0,7.548956126868234e-09,0.0,3.774478063434117e-09,3.774478063434117e-09,2.264686926878312e-08
1828,3.4970499829256596e-09,6.994099965851319e-09,0.0,0.0,3.4970499829256596e-09,3.4970499829256596e-09,1.7485250580762113e-08,0.0,6.994099965851319e-09,0.0,0.0,3.4970499829256596e-09
1829,3.2544791306321486e-09,0.0,0.0,3.2544791306321486e-09,3.2544791306321486e-09,3.2544791306321486e-09,9.76343716985184e-09,9.76343716985184e-09,0.0,0.0,6.508958261264297e-09,0.0
1830,0.0,0.0,5.588231211106631e-09,2.7941156055533156e-09,2.7941156055533156e-09,0.0,0.0,2.7941156055533156e-09,0.0,2.7941156055533156e-09,2.7941156055533156e-09,0.0
1831,3.0565487918465806e-09,3.0565487918465806e-09,3.0565487918465806e-09,6.113097583693161e-09,0.0,1.2226195167386322e-08,0.0,0.0,0.0,0.0,0.0,0.0
1832,3.0448976673369543e-09,6.089795334673909e-09,3.0448976673369543e-09,1.2179590669347817e-08,0.0,0.0,1.2179590669347817e-08,3.0448976673369543e-09,6.089795334673909e-09,1.2179590669347817e-08,0.0,3.0448976673369543e-09
1833,2.160009771046134e-08,6.1714566790271874e-09,6.1714566790271874e-09,0.0,3.0857283395135937e-09,1.2342913358054375e-08,3.085728295104673e-08,6.1714566790271874e-09,3.0857283395135937e-09,9.257185240585386e-09,3.0857283395135937e-09,1.2342913358054375e-08
1834,3.1800579947116603e-09,6.3601159894233206e-09,3.1800579947116603e-09,3.1800579947116603e-09,1.590029086173672e-08,0.0,0.0,3.1800579947116603e-09,3.1800579947116603e-09,0.0,6.3601159894233206e-09,0.0
1835,2.695026646293286e-09,2.695026646293286e-09,2.695026646293286e-09,5.390053292586572e-09,8.085080160924463e-09,8.085080160924463e-09,5.390053292586572e-09,0.0,0.0,0.0,0.0,0.0
1836,0.0,0.0,0.0,7.850943894993634e-09,0.0,7.850943894993634e-09,0.0,0.0,2.6169812983312113e-09,0.0,5.2339625966624226e-09,2.6169812983312113e-09
1837,2.835958801128413e-09,1.417979422768667e-08,0.0,8.507876181340635e-09,0.0,2.835958801128413e-09,5.671917602256826e-09,0.0,2.835958801128413e-09,5.671917602256826e-09,5.671917602256826e-09,0.0
1838,5.3352868789602326e-09,8.002929874351139e-09,2.6676434394801163e-09,8.002929874351139e-09,5.3352868789602326e-09,2.134114751584093e-08,8.002929874351139e-09,2.6676434394801163e-09,0.0,0.0,0.0,0.0
1839,0.0,0.0,2.313236935336249e-09,6.9397110280533525e-09,6.9397110280533525e-09,4.626473870672498e-09,2.313236935336249e-09,2.313236935336249e-09,0.0,0.0,0.0,0.0
1840,2.257146247686137e-09,0.0,2.257146247686137e-09,6.771438521013806e-09,2.257146247686137e-09,1.8057169981489096e-08,1.5800024399936774e-08,0.0,0.0,0.0,0.0,2.257146247686137e-09
1841,2.4698514344834166e-09,2.4698514344834166e-09,1.9758811475867333e-08,4.939702868966833e-09,4.939702868966833e-09,1.2349257616506293e-08,1.48191086069005e-08,2.4698514344834166e-09,0.0,0.0,0.0,2.4698514344834166e-09
1842,0.0,5.4943760652292895e-09,2.7471880326146447e-09,2.7471880326146447e-09,0.0,0.0,1.0988752130458579e-08,0.0,0.0,5.4943760652292895e-09,0.0,0.0
1843,0.0,2.3690760464489813e-09,0.0,9.476304185795925e-09,2.3690760464489813e-09,2.3690760464489813e-09,1.658353276923208e-08,2.3690760464489813e-09,2.3690760464489813e-09,0.0,4.7381520928979626e-09,2.3690760464489813e-09
1844,2.283978117745278e-09,0.0,4.567956235490556e-09,2.283978117745278e-09,0.0,0.0,2.283978117745278e-09,9.135912470981111e-09,6.8519341311912285e-09,4.567956235490556e-09,0.0,0.0
1845,6.286466014415737e-09,8.38195468588765e-09,4.190977342943825e-09,2.3050375830280245e-08,6.286466014415737e-09,2.0954886714719123e-09,4.190977342943825e-09,0.0,2.0954886714719123e-09,0.0,4.190977342943825e-09,2.0954886714719123e-09
1846,4.164447897636592e-09,4.164447897636592e-09,0.0,2.082223948818296e-09,8.328895795273183e-09,0.0,4.164447897636592e-09,6.246671624410283e-09,6.246671624410283e-09,6.246671624410283e-09,2.082223948818296e-09,0.0
1847,0.0,4.3119299242277975e-09,2.1559649621138988e-09,4.3119299242277975e-09,0.0,4.3119299242277975e-09,6.467894664297091e-09,0.0,2.1559649621138988e-09,6.467894664297091e-09,0.0,2.1559649621138988e-09
1848,0.0,2.052346959047213e-09,4.104693918094426e-09,1.6418775672377706e-08,6.1570410991862445e-09,1.2314082198372489e-08,2.052346959047213e-09,6.1570410991862445e-09,6.1570410991862445e-09,2.052346959047213e-09,0.0,0.0
1849,2.0242942877501946e-09,6.072882641205979e-09,4.048588575500389e-09,1.0121471660795578e-08,1.0121471660795578e-08,6.072882641205979e-09,8.097177151000778e-09,8.097177151000778e-09,4.048588575500389e-09,6.072882641205979e-09,2.0242942877501946e-09,0.0
1850,1.8971257897959504e-09,1.1382754294686492e-08,7.588503159183801e-09,9.485629171024357e-09,9.485629171024357e-09,9.485629171024357e-09,9.485629171024357e-09,1.8971257897959504e-09,1.1382754294686492e-08,3.794251579591901e-09,3.794251579591901e-09,1.8971257897959504e-09
1851,0.0,1.7796941698122737e-09,1.7796941698122737e-09,1.7796941698122737e-09,8.898471293150578e-09,5.339082509436821e-09,5.339082509436821e-09,1.7796941698122737e-09,5.339082509436821e-09,0.0,1.7796941698122737e-09,3.5593883396245474e-09
1852,1.7127106399783543e-09,1.7127106399783543e-09,3.4254212799567085e-09,5.138131697890458e-09,1.7127106399783543e-09,1.7127106399783543e-09,6.850842559913417e-09,6.850842559913417e-09,3.4254212799567085e-09,3.4254212799567085e-09,3.4254212799567085e-09,0.0
1853,1.5309783440997649e-09,1.5309783440997649e-09,3.0619566881995297e-09,1.684076167407511e-08,7.654891831521127e-09,7.654891831521127e-09,7.654891831521127e-09,1.5309783440997649e-09,3.0619566881995297e-09,0.0,4.592934921276992e-09,1.5309783440997649e-09
1854,2.7978830363650786e-09,1.3989415181825393e-09,1.3989415181825393e-09,0.0,6.994707479890394e-09,4.19682466556992e-09,4.19682466556992e-09,2.7978830363650786e-09,2.7978830363650786e-09,4.19682466556992e-09,1.3989415181825393e-09,0.0
1855,0.0,1.5773921058226392e-09,7.886960418090894e-09,1.1041744407691567e-08,7.886960418090894e-09,0.0,6.309568423290557e-09,0.0,4.73217642849022e-09,0.0,0.0,1.5773921058226392e-09
1856,0.0,1.4656383884315005e-09,2.931276776863001e-09,4.396915276316804e-09,4.396915276316804e-09,2.931276776863001e-09,1.4656383884315005e-09,1.4656383884315005e-09,0.0,0.0,0.0,0.0
1857,1.1767999019696163e-08,5.043427897533093e-09,8.405713458614628e-09,8.405713458614628e-09,1.681142669518465e-09,6.72457067807386e-09,1.344914135614772e-08,3.36228533903693e-09,1.681142669518465e-09,1.1767999019696163e-08,5.043427897533093e-09,5.043427897533093e-09
1858,1.7640134908347704e-09,1.7640134908347704e-09,3.528026981669541e-09,1.7640134908347704e-09,3.528026981669541e-09,5.292040583526614e-09,1.0584081167053228e-08,1.7640134908347704e-09,0.0,1.7640134908347704e-09,1.0584081167053228e-08,0.0
1859,0.0,1.6244827705236276e-09,0.0,4.873448311570883e-09,1.299586216418902e-08,3.248965541047255e-09,3.248965541047255e-09,8.122413852618138e-09,9.746896623141765e-09,0.0,0.0,3.248965541047255e-09
1860,6.288536802401268e-09,1.572134200600317e-09,9.432804759512692e-09,4.716402379756346e-09,4.716402379756346e-09,0.0,3.144268401200634e-09,9.432804759512692e-09,0.0,4.716402379756346e-09,3.144268401200634e-09,1.572134200600317e-09
1861,0.0,0.0,1.4431822847882358e-08,4.123378083420448e-09,4.123378083420448e-09,2.061689041710224e-09,4.123378083420448e-09,2.061689041710224e-09,0.0,2.061689041710224e-09,2.061689041710224e-09,0.0
1862,7.22014537046789e-09,1.6847005568365603e-08,1.6847005568365603e-08,2.4067150494744283e-09,9.626860197897713e-09,7.22014537046789e-09,9.626860197897713e-09,4.8134300989488565e-09,9.626860197897713e-09,1.6847005568365603e-08,0.0,2.4067150494744283e-09
1863,2.282247946183702e-09,2.282247946183702e-09,9.128991784734808e-09,6.846743616506501e-09,1.8257983569469616e-08,2.282247946183702e-09,4.564495892367404e-09,2.282247946183702e-09,2.282247946183702e-09,0.0,0.0,4.564495892367404e-09
1864,3.872489884315655e-09,5.808734826473483e-09,5.808734826473483e-09,1.9362449421578276e-08,3.097991907452524e-08,1.1617469652946966e-08,1.548995953726262e-08,1.3553714595104793e-08,3.872489884315655e-09,3.872489884315655e-09,1.9362449421578276e-09,1.3553714595104793e-08
1865,7.599786577827672e-09,3.799893288913836e-09,3.799893288913836e-09,3.799893288913836e-09,3.799893377731678e-08,9.499733444329195e-09,1.5199573155655344e-08,5.699839711326149e-09,3.799893288913836e-09,0.0,1.899946644456918e-09,7.599786577827672e-09
1866,1.3933082243511308e-08,5.22490584131674e-09,1.567471841212864e-08,1.3933082243511308e-08,5.22490584131674e-09,2.7866164487022616e-08,1.567471841212864e-08,1.2191446963072394e-08,8.708176402194567e-09,6.966541121755654e-09,1.915798719664963e-08,1.7416352804389135e-09
1867,7.3649495391237e-09,9.206186923904625e-09,1.841237384780925e-09,9.206186923904625e-09,1.2888661693466474e-08,2.7618561659892293e-08,1.47298990782474e-08,1.841237384780925e-09,9.206186923904625e-09,3.68247476956185e-09,7.3649495391237e-09,9.206186923904625e-09
1868,1.220834011661509e-08,1.7440486388409226e-08,6.976194288910165e-09,4.5345263544049885e-08,2.441668023323018e-08,2.2672631772024943e-08,1.220834011661509e-08,1.5696437927203988e-08,2.2672631772024943e-08,8.720243194204613e-09,1.395238857782033e-08,5.232145827704926e-09
1869,4.957550459039339e-08,1.538550264967853e-08,1.8804502843750015e-08,4.1028005881571517e-08,2.9061503425964474e-08,4.615650439632191e-08,6.496100724007192e-08,1.8804502843750015e-08,2.735200332892873e-08,2.9061503425964474e-08,6.838000832232183e-09,3.4190005493428544e-08
1870,2.0871599559768583e-08,2.0871599559768583e-08,2.608950033788915e-08,2.2610899819142105e-08,2.608950033788915e-08,2.608950033788915e-08,3.652530011777344e-08,3.30466995990264e-08,1.3914400298631335e-08,4.0003900636520484e-08,5.21790006757783e-08,4.0003900636520484e-08
1871,1.533443239054577e-08,1.1926780452142793e-08,4.2595644345055916e-08,8.519128513739815e-09,2.3853560904285587e-08,2.044590985406103e-08,2.3853560904285587e-08,6.815302988627536e-09,2.044590985406103e-08,2.3853560904285587e-08,2.2149734490994888e-08,2.044590985406103e-08
1872,3.874687948268729e-08,2.695434986321743e-08,5.5593346814930555e-08,5.222405263793917e-08,5.8962640991921944e-08,4.2116170106965e-08,4.548546428395639e-08,2.1900408597730348e-08,3.369293821720021e-08,2.3585055686226042e-08,2.3585055686226042e-08,4.0431523018469306e-08
1873,2.4525540709419147e-08,1.471532495855854e-08,4.5781010982182124e-08,3.1065685135445165e-08,3.1065685135445165e-08,4.087590355084103e-08,4.5781010982182124e-08,2.4525540709419147e-08,2.1255470272762977e-08,4.9051081418838294e-08,2.1255470272762977e-08,1.471532495855854e-08
1874,3.898078304587216e-08,1.949039152293608e-08,3.148447902390217e-08,3.448299779051922e-08,4.347856474851142e-08,2.998521608787996e-08,4.4977824131819943e-08,1.9940169693200005e-07,3.2983738407210694e-08,1.0494825453122303e-08,2.3988173225575338e-08,2.0989650906244606e-08
1875,3.260279157757395e-08,1.9265284478819922e-08,3.8530568957639844e-08,4.5940296899971145e-08,6.816947006882401e-08,4.74222403568092e-08,2.37111201784046e-08,4.74222403568092e-08,3.704862550080179e-08,2.8156955877989276e-08,3.260279157757395e-08,8.891669622812515e-09
1876,3.524964498069494e-08,1.5509844075722867e-08,5.498944588566701e-08,7.049928996138988e-08,4.088958860393177e-08,4.5119545433180974e-08,6.203937630289147e-08,4.22995753979194e-08,4.5119545433180974e-08,7.331926354936513e-08,2.3969757734221275e-08,2.9609701357458107e-08
1877,2.572013002577478e-08,2.8577922250860865e-08,5.4298052276635644e-08,4.1437985487391416e-08,6.858701340206608e-08,2.0004545575602606e-08,4.28668833762913e-08,3.858019681501901e-08,3.2864612364846835e-08,3.7151298926119125e-08,2.143344168814565e-08,4.000909115120521e-08
1878,4.848414647540267e-08,1.5151295329474124e-08,3.1817720014259976e-08,4.545388776477921e-08,4.696901712009094e-08,4.0908499698844025e-08,4.393875840946748e-08,4.393875840946748e-08,4.0908499698844025e-08,4.393875840946748e-08,4.848414647540267e-08,4.545388776477921e-08
1879,2.9162499970425415e-08,5.249249923622301e-08,7.290624637334986e-08,1.0498499847244602e-07,8.45712477826055e-08,4.811812459593057e-08,4.811812459593057e-08,3.7911249251010304e-08,4.811812459593057e-08,4.228562389130275e-08,3.645312318667493e-08,4.374374995563812e-08
1880,5.110562284471598e-08,6.692403076158371e-08,7.179123429068568e-08,7.665843781978765e-08,6.327363166747091e-08,5.7189627256093445e-08,4.0154418456950225e-08,4.623841931561401e-08,4.0154418456950225e-08,3.6504015810123747e-08,3.1636815833735454e-08,4.988882196244049e-08
1881,4.1099681880041317e-08,1.4505769918571332e-08,3.505560997041357e-08,5.9231894056210876e-08,4.4726125025817964e-08,4.2308496261966866e-08,6.648478034776417e-08,3.384679558848802e-08,3.626442435233912e-08,2.7802725455217114e-08,3.142916682463692e-08,2.9011539837142664e-08
1882,2.5329853770017507e-08,3.108663904072273e-08,4.9508351196436706e-08,2.302714108282089e-08,3.684342431142795e-08,3.338935172791935e-08,4.029749689493656e-08,2.7632568233570964e-08,4.1448853238534866e-08,2.302714108282089e-08,1.7270355812115668e-08,2.0724426619267433e-08
1883,2.8719503220031584e-08,2.0513930110155343e-08,2.6668109498473314e-08,3.384798574757042e-08,4.205355708108982e-08,4.1027860220310686e-08,4.205355708108982e-08,4.1027860220310686e-08,2.974520008081072e-08,3.6925076329907824e-08,2.769380635925245e-08,3.179659202601215e-08
1884,5.409468428752007e-08,4.976710954451846e-08,7.89782390597793e-08,7.140498325952649e-08,6.166794008777288e-08,7.89782390597793e-08,7.032308957377609e-08,6.815930220227528e-08,4.652142848726726e-08,7.140498325952649e-08,6.491362114502408e-08,3.786627900126405e-08
1885,4.228194683264519e-08,3.449316920978163e-08,4.3394631887849755e-08,4.005658382766342e-08,7.677511604242682e-08,6.787364981164501e-08,4.8958042953017866e-08,2.3366339974018047e-08,2.781707131305211e-08,4.005658382766342e-08,5.340877606840877e-08,2.1140973416322595e-08
1886,3.013104077354001e-08,5.6331941777898464e-08,7.074243768556698e-08,7.205248664376995e-08,6.81223468745884e-08,6.026208154708002e-08,4.978171830316569e-08,5.109176370865498e-08,5.5021896372409174e-08,4.978171830316569e-08,5.371185096691988e-08,5.6331941777898464e-08
1887,6.542173025536613e-08,4.9958408965267154e-08,1.0348527723635925e-07,8.207452850683694e-08,1.344119198165572e-07,6.542173025536613e-08,7.017967362799027e-08,6.661121432216532e-08,7.255864176158866e-08,6.423223908313958e-08,7.73165851342128e-08,8.683247187946108e-08
1888,7.070647711771016e-08,5.75239162969865e-08,9.107953502507371e-08,7.190489270669786e-08,1.0066685263154795e-07,1.174446637719484e-07,5.992074392224822e-08,5.75239162969865e-08,6.111915951123592e-08,3.475403431707491e-08,9.587319027559715e-08,5.87223318859742e-08
1889,4.624209637427157e-08,4.7491884203054724e-08,8.373568505248841e-08,9.248419274854314e-08,9.623354912946525e-08,6.998804025215577e-08,9.498376840610945e-08,6.62386767658063e-08,6.873825242337261e-08,5.873996045124841e-08,4.499230854548841e-08,4.9991456307907356e-08
1890,8.116817440395607e-08,1.0418601448236586e-07,1.33261181645139e-07,8.722550148831942e-08,1.1387773213300534e-07,1.1630066865109256e-07,7.268791790693285e-08,1.01763085069706e-07,7.87452449912962e-08,1.2478092514811578e-07,1.0297454622332225e-07,7.753377673225259e-08
1891,4.378104634383817e-08,8.082654545660262e-08,7.409099822552889e-08,9.654281996063219e-08,8.419431907213948e-08,9.654281996063219e-08,5.500695365867614e-08,8.868467915590372e-08,6.623286452622779e-08,9.654281996063219e-08,7.072322460999203e-08,4.378104634383817e-08
1892,4.7858705443104554e-08,4.07308142769125e-08,9.469914630244602e-08,1.1506455166454543e-07,9.368087461325558e-08,9.062605954568426e-08,7.738854890249058e-08,7.331546214572882e-08,3.869427445124529e-08,8.1461628553825e-08,6.516930284306e-08,5.295005678362941e-08
1893,5.2088584112652825e-08,4.6879726767201646e-08,8.959236197370046e-08,8.855059263623843e-08,6.771515614900636e-08,1.0626070690022971e-07,8.959236197370046e-08,1.0834425268058112e-07,7.91746472827981e-08,9.792653798967876e-08,8.646704685588702e-08,6.042275657591745e-08
1894,5.831732252659094e-08,5.513637546528116e-08,7.52823581251505e-08,1.0285054941050475e-07,8.694582476209689e-08,5.7257008023725575e-08,9.330771888471645e-08,5.7257008023725575e-08,4.453322688391381e-08,6.361889859363146e-08,6.361889859363146e-08,4.9834802950954327e-08
1895,5.423228444101369e-08,6.972722133014031e-08,7.844312932547837e-08,7.650626088206991e-08,1.0846456888202738e-07,1.0846456888202738e-07,9.006433288050175e-08,8.328529332857215e-08,7.2632523995253e-08,5.229541955031891e-08,5.423228444101369e-08,4.9390116885206226e-08
1896,4.0826751757094826e-08,7.620993613954852e-08,7.530267254196588e-08,8.618980729124814e-08,1.4153273752981477e-07,8.346802360392758e-08,1.1250038056687117e-07,4.989936286392549e-08,5.534293023856662e-08,3.810496806977426e-08,8.528255079909286e-08,5.715745388101823e-08
1897,5.173065886765471e-08,1.0346131773530942e-07,1.1824150192296656e-07,8.590983924250395e-08,1.1731773952305957e-07,1.0808012262941702e-07,1.2008902672278055e-07,6.928213025503283e-08,6.928213025503283e-08,7.20534174547538e-08,8.313855914821033e-08,5.72732261616693e-08
1898,5.931188695740275e-08,8.424007091889507e-08,8.681885077521656e-08,1.0487029555861227e-07,1.186237739148055e-07,1.5300747691071592e-07,9.197640338243218e-08,8.509966420433557e-08,6.704821942093986e-08,1.0315110898773128e-07,6.876740599182085e-08,5.673311065379494e-08
1899,9.35972295224019e-08,9.59178265702576e-08,8.895604963754522e-08,1.0752079049325403e-07,1.3691496292267402e-07,9.823841651268594e-08,1.0287960350296999e-07,9.901194886197118e-08,8.12207403555476e-08,8.199427270483284e-08,6.807071173398072e-08,5.1053035576842376e-08
1900,6.115804751516407e-08,4.76463846155184e-08,7.253628808712165e-08,9.955961388641299e-08,1.1236013364168684e-07,1.194715366636956e-07,9.387049004772052e-08,5.9024628740189655e-08,6.471374547345476e-08,6.329146629013849e-08,4.4801826248885845e-08,5.689120641250156e-08
1901,4.8926654727665664e-08,4.299615241620813e-08,6.227028848115879e-08,6.671816521475193e-08,7.709654425980261e-08,8.376836291290601e-08,7.8579169837667e-08,7.8579169837667e-08,7.116604194834508e-08,9.562937464124843e-08,6.30115977173773e-08,5.263321867232662e-08
1902,4.3616594780360174e-08,5.1612968121617087e-08,6.469795010843882e-08,7.41482111266123e-08,1.2139952332290704e-07,8.941401574702468e-08,8.505235626898866e-08,7.705597937501807e-08,6.251711681670713e-08,6.833266041894603e-08,4.725130864358107e-08,5.088602605951564e-08
1903,7.377164479294152e-08,5.344680431562665e-08,8.355767988632579e-08,1.1216301487593228e-07,1.0614083834070698e-07,1.129157851664786e-07,9.635480324732271e-08,4.8177401623661353e-08,6.022175114139827e-08,7.753550335110049e-08,6.09745214319446e-08,6.85022456536899e-08
1904,4.341271875318853e-08,9.293034963775426e-08,6.308410860356162e-08,7.732890594525088e-08,1.0785347370756426e-07,8.411214480474882e-08,9.021705693612603e-08,5.901416599840559e-08,5.833583927028485e-08,8.546879115556294e-08,6.17274622527475e-08,8.139884499769323e-08
1905,5.5029090617608745e-08,6.702261146074306e-08,8.889314528914838e-08,1.008866661322827e-07,1.5803226460775477e-07,1.523882531273557e-07,8.395463879651288e-08,8.042713517397715e-08,9.312615389944767e-08,6.913911221317903e-08,5.7851096357808274e-08,7.478312369357809e-08
1906,6.891906423334149e-08,5.731882879445038e-08,7.301326832021005e-08,1.0781398884773807e-07,1.221436889409233e-07,1.1532002019976062e-07,7.642510269079139e-08,6.550722986276014e-08,9.621374630341961e-08,7.301326832021005e-08,8.12016693885198e-08,8.461351086452851e-08
1907,3.3799636867115623e-08,5.813537740095853e-08,6.895125892469878e-08,7.097924026311375e-08,7.976714755386638e-08,9.396299560648913e-08,4.9347470110205904e-08,4.3263536753102017e-08,5.4755414424789706e-08,5.407942182955594e-08,4.1911551562634486e-08,7.300722160152873e-08
1908,4.3037459818151547e-08,5.110698353405496e-08,5.581420481348687e-08,6.657356976802475e-08,7.19532522452937e-08,7.800539947311336e-08,6.993587220449626e-08,6.522864737235068e-08,4.908960349325753e-08,7.329817464096777e-08,4.9762064691094565e-08,5.379682477268943e-08
1909,2.8950706720820563e-08,5.6416762816979826e-08,3.4889314548536277e-08,6.53246701176613e-08,7.64595569080484e-08,1.002139811134839e-07,8.98214267408548e-08,5.196280739028225e-08,6.82939713669839e-08,4.45395471615484e-08,4.8251177275915325e-08,6.23553688683387e-08
1910,5.4849806474521756e-08,3.094091738375937e-08,5.9069023450319946e-08,9.211954932197841e-08,6.610105174331693e-08,7.032026871911512e-08,8.227470971178263e-08,5.203699871003664e-08,4.9927390222137547e-08,3.6566540018156957e-08,6.047542910891934e-08,6.047542910891934e-08
1911,3.9488302405743525e-08,4.512948947876794e-08,4.8655230955318984e-08,5.077067655179235e-08,4.8655230955318984e-08,5.4296418028343396e-08,6.628393833807422e-08,4.9360380671714665e-08,5.147582271547435e-08,6.839938038183391e-08,4.583463919516362e-08,4.160374800221689e-08
1912,4.8585746981189004e-08,5.923467583102138e-08,8.186365363371806e-08,5.856911755586225e-08,5.058242180666639e-08,6.788692985537637e-08,6.85524881305355e-08,5.058242180666639e-08,3.793681457864295e-08,7.520807088212678e-08,6.455913847958072e-08,6.25624707595307e-08
1913,3.7218033099861714e-08,5.336925568144579e-08,5.6178166119025263e-08,5.758261778510132e-08,7.513829558547513e-08,6.390266094058461e-08,6.32004315548329e-08,3.300467099620619e-08,3.230244516316816e-08,5.056034879658e-08,4.213362458926895e-08,4.0026943537441184e-08
1914,3.307033225041778e-08,2.8756810266372668e-08,6.542174446622084e-08,7.836230508928566e-08,8.195691236778657e-08,6.90163446392944e-08,6.90163446392944e-08,4.672981646081098e-08,4.744873649542569e-08,5.607578046351591e-08,4.4573056356966845e-08,5.53568604289012e-08
1915,3.301490281160113e-08,5.030842586961626e-08,4.873628611790082e-08,4.6378080043041336e-08,4.7164149918899057e-08,6.13133934734833e-08,8.725367450779231e-08,4.952235599375854e-08,7.153229120149263e-08,6.13133934734833e-08,4.2447734216466415e-08,4.7950219794756777e-08
1916,4.698070554809419e-08,3.159047423650918e-08,9.315139948284923e-08,4.455067070807672e-08,5.427081362086028e-08,5.184077878084281e-08,6.075091363300089e-08,4.536068232141588e-08,5.1030767167503654e-08,7.452111816519391e-08,5.5080828786913116e-08,5.1030767167503654e-08
1917,6.118076356642632e-08,3.8640479260720895e-08,6.440080113634394e-08,7.164589277408595e-08,9.09661324044464e-08,7.406092095152417e-08,6.359579174386454e-08,6.198577295890573e-08,6.520581052882335e-08,4.58855708984629e-08,7.88909773064006e-08,7.567093973648298e-08
1918,4.308622436610676e-08,3.7585856205168966e-08,4.6753136473398627e-08,5.5003692267519e-08,6.050406398117048e-08,6.050406398117048e-08,4.858659252704456e-08,4.9503324106581204e-08,2.5668390080113568e-08,3.7585856205168966e-08,2.9335302187405432e-08,5.683714832116493e-08
1919,3.9410974039810753e-08,6.708251021336764e-08,8.469166346003476e-08,9.139991874462794e-08,5.6181601593152664e-08,7.379075839253346e-08,7.630635678879116e-08,8.385313776670955e-08,6.708251021336764e-08,8.217607216920442e-08,1.4758151678506692e-07,5.9535725682735574e-08
1920,4.391578656282036e-08,5.2836181652082814e-08,6.655986339865194e-08,8.50868389079551e-08,6.175657318863159e-08,7.136315360867229e-08,5.6267101200546676e-08,6.655986339865194e-08,7.54802584879144e-08,4.940525855090527e-08,2.3741972654534038e-07,5.969802430172422e-08
1921,4.542039988564284e-08,5.011906267782251e-08,6.108260919290842e-08,7.361237663872089e-08,7.909414279083649e-08,6.499816151972482e-08,6.029949872754514e-08,6.969682431190449e-08,7.126304524263105e-08,7.361237663872089e-08,2.0517491350346972e-07,4.8552841747095954e-08
1922,2.5621028854061478e-08,2.9666454182120106e-08,4.5173919716035016e-08,3.77573066145942e-08,3.77573066145942e-08,3.708306905991776e-08,5.056782015344652e-08,3.77573066145942e-08,4.1802731942652827e-08,3.77573066145942e-08,6.472681235436539e-08,3.708306905991776e-08
1923,4.223256411250986e-08,9.523029120828141e-08,1.2090106338291662e-07,8.860557443313155e-08,6.293480225849635e-08,6.707524846660817e-08,7.866849927040676e-08,6.12786195119952e-08,7.03876068541831e-08,5.1341547901984086e-08,1.681021615240752e-07,4.8857280887659726e-08
1924,6.509693406542283e-08,6.15299811101977e-08,9.541605550111854e-08,8.739040424643463e-08,8.739040424643463e-08,6.68804105430354e-08,6.063824287139141e-08,7.401432355891302e-08,6.331345758781026e-08,8.917388782947455e-08,1.1146735801048635e-07,8.114823657479064e-08
1925,5.993373974888527e-08,4.366600947491861e-08,6.935189844625711e-08,6.50709139904393e-08,5.0515581051513436e-08,6.935189844625711e-08,6.849570155509355e-08,7.877005714362895e-08,4.452220636608217e-08,6.16461335312124e-08,9.760637453837262e-08,2.56858889713385e-08
1926,4.613359294580732e-08,8.503054260700083e-08,6.784351569422142e-08,6.24160350071179e-08,8.322138000949053e-08,4.8847333289359085e-08,7.869848417385583e-08,7.598474383030407e-08,5.337023267770746e-08,7.146184088924201e-08,8.503054260700083e-08,5.879771691752467e-08
1927,5.096743649346536e-08,4.93992047267966e-08,6.900206273030562e-08,7.52749826915533e-08,7.213852626364314e-08,7.292263859426384e-08,5.880857756324076e-08,6.037680577719584e-08,6.3513262205106e-08,5.645623701866498e-08,8.468435197528379e-08,6.11609252132439e-08
1928,5.346662490524068e-08,5.503917321902918e-08,1.0614697032451659e-07,8.019993913421786e-08,8.098621151475527e-08,8.098621151475527e-08,6.368818361579542e-08,5.8970542227143596e-08,6.52607354822976e-08,8.177248389529268e-08,1.1086461881859577e-07,3.6168597006280834e-08
1929,7.434670123984688e-08,6.030343513430125e-08,6.443381295184736e-08,7.021633052772813e-08,8.92160443299872e-08,9.169426817834392e-08,6.195558910349064e-08,6.112951211889595e-08,5.452091755842048e-08,6.360773596725267e-08,1.1565042967731642e-07,7.021633052772813e-08
1930,7.123436773781577e-08,6.587264067547949e-08,7.812801783302348e-08,5.208534403777776e-08,1.0110684911524004e-07,1.0263877214811146e-07,8.119186389876631e-08,8.042589882961693e-08,1.0187280707896207e-07,8.578762589195321e-08,1.1412818423650606e-07,6.357475967888604e-08
1931,4.4290857204032363e-08,5.475960662693069e-08,9.26081611396512e-08,8.697114139977202e-08,6.925479567598813e-08,7.811296853788008e-08,7.569710192001367e-08,7.569710192001367e-08,7.811296853788008e-08,6.844950917184178e-08,1.6105767031149298e-07,6.442306954568267e-08
1932,6.583983491736944e-08,7.846665539545938e-08,9.47011287166788e-08,6.85455816551439e-08,8.117240213323385e-08,6.944749486592627e-08,9.47011287166788e-08,6.583983491736944e-08,7.666282186846729e-08,7.395707513069283e-08,1.3979691004806227e-07,8.748580881956514e-08
1933,7.285984082727737e-08,8.014582419946237e-08,7.181898098451711e-08,5.204274344805526e-08,8.222752967412816e-08,7.598240614470342e-08,6.869642277251842e-08,7.390069356461026e-08,7.598240614470342e-08,6.973727550985132e-08,8.326838951688842e-08,8.743180757164737e-08
1934,5.793551238753025e-08,6.78931755260237e-08,6.427220711202608e-08,5.1598814110320745e-08,8.237705628744152e-08,8.14718177366558e-08,1.0591335808385338e-07,5.703027028403085e-08,5.703027028403085e-08,8.690327035765222e-08,1.267339371224807e-07,7.42298738032332e-08
1935,7.663000189950253e-08,8.65177440800835e-08,8.816569874170455e-08,7.827795656112357e-08,1.4502020917461778e-07,6.344634329025212e-08,1.0711720221934229e-07,1.021733311290518e-07,9.805344092228552e-08,6.75662334970184e-08,1.367804287610852e-07,8.239784676788986e-08
1936,4.9264087920164457e-08,7.310155325512824e-08,7.071780316891818e-08,7.469071761079249e-08,9.614443285954621e-08,6.833406018813548e-08,8.104736792802214e-08,6.674489583247123e-08,7.786903921669364e-08,7.707446059157519e-08,1.5335433545260457e-07,6.912863881325393e-08
1937,5.2596888622247207e-08,6.806656216440388e-08,6.49726246138016e-08,1.1679603062475508e-07,7.348094754888734e-08,5.3370371233540936e-08,7.038701710371242e-08,6.961352738699134e-08,6.961352738699134e-08,7.657488509948962e-08,1.4618841248648096e-07,8.430971831785428e-08
1938,8.387472405502194e-08,1.065435739633358e-07,1.2165612872649945e-07,8.311909738267786e-08,1.1107734110282763e-07,1.2090050915958273e-07,1.3676870480594516e-07,9.747603257892479e-08,9.520915256189255e-08,8.840849829994113e-08,1.0276543349618805e-07,1.2392301584895904e-07
1939,8.166554010813343e-08,6.182158074352628e-08,1.4043421003862022e-07,6.563772814160984e-08,8.62449169858337e-08,7.937585166928329e-08,1.0379919501701806e-07,4.8083450110425474e-08,5.876866282505944e-08,5.953189230467615e-08,1.060888834558682e-07,8.319199906736685e-08
1940,5.57457404681827e-08,5.897737764826161e-08,9.452539018184325e-08,6.38248351947368e-08,9.210165785589197e-08,7.836720072873504e-08,6.544065200841942e-08,6.059319446194422e-08,7.594347550821112e-08,6.30169267878955e-08,1.316892195291075e-07,6.220901838105419e-08
1941,5.010077330780405e-08,3.25215552265945e-08,5.976934858153982e-08,3.164259609889086e-08,6.064830415652978e-08,4.834285149968309e-08,4.0432205139495636e-08,3.867428333137468e-08,5.4495579604463273e-08,2.7247789802231637e-08,7.734856666274936e-08,3.603739884283641e-08
1942,3.007304982816095e-08,4.100870754086827e-08,5.10330551151128e-08,3.462957565147917e-08,4.556522981147282e-08,5.10330551151128e-08,2.7339137176340955e-08,3.6452185270263726e-08,3.6452185270263726e-08,4.556522981147282e-08,7.472697660659833e-08,5.2855664733897356e-08
1943,3.961091366022629e-08,4.49637376220835e-08,6.637504412765338e-08,7.17278680895106e-08,5.56693890985116e-08,5.781052081488269e-08,6.316334832945358e-08,3.639921786202649e-08,4.6034301703912206e-08,4.0681477742054994e-08,9.95625626387664e-08,6.316334832945358e-08
1944,2.112155428335427e-08,3.1682333201388246e-08,6.571150379386381e-08,6.219124060180548e-08,4.57633682060532e-08,5.515072487582984e-08,6.453808509832015e-08,4.928362784539786e-08,4.57633682060532e-08,2.464181392269893e-08,1.1030144975165967e-07,4.34165272622522e-08
1945,2.0586819360346453e-08,4.220297711299281e-08,3.1909568320998005e-08,3.08802299286981e-08,5.970177596736903e-08,3.911495483066574e-08,4.1173638720692907e-08,3.3968252211025174e-08,3.293891026601159e-08,2.882154603867093e-08,5.558441174002837e-08,1.8528137246676124e-08
1946,3.566107409369579e-08,5.38878452971403e-08,5.943512348949298e-08,3.724601072008227e-08,5.547278192352678e-08,4.5963162165207905e-08,5.626525023672002e-08,3.486860578050255e-08,3.169873252772959e-08,5.151044035756058e-08,7.132214818739158e-08,5.864265517629974e-08
1947,4.061108072050956e-08,3.1662874988569456e-08,3.579281582233307e-08,3.7857788015571714e-08,4.887096238803679e-08,4.7494314259211023e-08,3.5104491757920187e-08,3.028623041245737e-08,2.4779641449867995e-08,4.611766613038526e-08,4.955928289973599e-08,5.0935931028561754e-08
1948,3.5947163468108556e-08,3.209568077977565e-08,4.621778160185386e-08,3.9798646156441464e-08,4.878543791164702e-08,5.4562658391432706e-08,4.75016079803936e-08,3.9798646156441464e-08,2.1183149456760475e-08,2.9528028022696162e-08,4.75016079803936e-08,3.0169939435609194e-08
1949,2.964896239632253e-08,3.7206540071110794e-08,4.650817686524533e-08,3.6625188215566595e-08,4.0694654757089666e-08,3.54624845044782e-08,3.54624845044782e-08,3.6043836360022397e-08,4.011329934883179e-08,2.7904905053333096e-08,4.476411774589906e-08,2.964896239632253e-08
1950,3.3072499405761846e-08,4.177579171482648e-08,2.610986982176655e-08,4.583732504670479e-08,5.047908047117744e-08,4.2936228794587805e-08,3.481315857811751e-08,2.7850527217765375e-08,3.7714254830234495e-08,2.95911846137642e-08,5.570105443553075e-08,4.583732504670479e-08
1951,1.962885853856733e-08,4.163697298054103e-08,2.319774239367689e-08,3.033551010389601e-08,4.0447346805194684e-08,4.163697298054103e-08,2.9145882152192826e-08,2.498218520941009e-08,3.509402191070876e-08,4.2231789620927884e-08,4.2231789620927884e-08,3.7473277814115136e-08
1952,5.058892682541227e-08,6.058906620864946e-08,7.882460550945325e-08,6.411852382370853e-08,6.411852382370853e-08,5.882433384840624e-08,5.235365918565549e-08,5.1765415065574416e-08,4.5294736850109985e-08,5.4118387993185024e-08,7.411865965423203e-08,5.7059605040876704e-08
1953,4.19718624300458e-08,2.0386332622024383e-08,4.616904902832175e-08,3.657547864577282e-08,5.9360207416148114e-08,5.03662356265977e-08,3.597588360548798e-08,3.717507723877134e-08,4.317105961604284e-08,3.297789064049539e-08,3.717507723877134e-08,3.0579499821214995e-08
1954,2.9259476619358793e-08,3.2701770180665335e-08,3.442291429678335e-08,4.4176072577784e-08,4.2454928461665986e-08,4.991322555270017e-08,4.4176072577784e-08,2.2948610123307844e-08,3.212805310681688e-08,2.180117952832461e-08,5.10606561476834e-08,3.786520608173305e-08
1955,2.504337359710007e-08,3.429853379088854e-08,3.484295518774161e-08,4.083158700041167e-08,3.974274420670554e-08,4.083158700041167e-08,3.5387376584594676e-08,2.7221059184512342e-08,3.919832636256615e-08,4.2464851190970876e-08,3.974274420670554e-08,3.3209690997182406e-08
1956,2.886194749862625e-08,3.2535286464963065e-08,3.2535286464963065e-08,2.8337185042914825e-08,4.040672507699128e-08,3.725815034272273e-08,2.99114724100491e-08,2.9386709954337675e-08,3.3584811376385915e-08,4.250577845255066e-08,3.935720016556843e-08,2.5188608532289436e-08
1957,2.7355962828323754e-08,4.6407439668882944e-08,4.2499443964061356e-08,3.175245666398041e-08,5.2757929580593554e-08,4.689593779971801e-08,3.3706456292748044e-08,3.6637452183185815e-08,2.9798460587926456e-08,3.859144825923977e-08,4.738443593055308e-08,2.9309960680734548e-08
1958,2.7505768329660896e-08,2.798832454686817e-08,3.5709241785752965e-08,4.1017372609530867e-08,3.860458619442397e-08,4.1017372609530867e-08,6.176733791107836e-08,3.522668379218885e-08,3.42615713577743e-08,3.812202820085986e-08,3.812202820085986e-08,3.619179977931708e-08
1959,3.188174702017932e-08,4.0198724349238546e-08,3.650228919127585e-08,4.389515950720124e-08,4.250899721114365e-08,4.943981224414529e-08,4.8515701678297773e-08,3.049558472412173e-08,3.511612689521826e-08,4.4357214790125e-08,5.4522409698165575e-08,3.46540716122945e-08
1960,1.833260654393598e-08,2.2813910760532963e-08,3.625782341032391e-08,3.055434305565541e-08,2.7702606431034837e-08,3.259130210153671e-08,2.5665649161510373e-08,2.3221302214437856e-08,2.8517387562487784e-08,2.4850866253700588e-08,3.096173628591714e-08,1.9962172359555552e-08
1961,2.4148857136196966e-08,2.5263419800580778e-08,3.8638169996829674e-08,3.826664851658279e-08,3.529448378003508e-08,3.306535845126746e-08,4.198185976633795e-08,2.9721668681759184e-08,2.935014897786914e-08,3.417991933929443e-08,4.792619279214705e-08,2.5634939504470822e-08
1962,1.557345186142811e-08,2.3698730089449782e-08,2.3021623718477713e-08,1.9636091863617366e-08,3.690231054065407e-08,2.945413690724763e-08,2.7761370091639037e-08,2.132885690286912e-08,2.9792690980912084e-08,2.437583646042185e-08,3.961073602454235e-08,1.5234897787763657e-08
1963,2.421972666866168e-08,3.293882855359698e-08,4.004328246764999e-08,3.164710804526294e-08,5.457511775830426e-08,4.3595505871962814e-08,4.036620993019824e-08,3.197003906052487e-08,2.9063670581308543e-08,3.972035145238806e-08,4.9731170292943716e-08,2.357386641449466e-08
1964,1.5628643268428277e-08,2.8326915924026252e-08,3.0606095435814495e-08,2.0512594289812114e-08,2.4745352433797052e-08,2.539654531119595e-08,2.6698932842350587e-08,2.8001320373505223e-08,1.9535804085535347e-08,2.4419755106919183e-08,3.386206159916583e-08,1.9210208535014317e-08
1965,1.388269588176172e-08,2.255938191808582e-08,2.689772493624787e-08,2.574083346473799e-08,3.354984912107284e-08,2.718694780412534e-08,3.441751772470525e-08,2.111326757869847e-08,1.995637610718859e-08,3.210373478168549e-08,3.962352934649971e-08,2.053482184294353e-08
1966,1.3768261197810716e-08,2.0101662556726296e-08,2.175385382940931e-08,1.7898740267696667e-08,3.414528748635348e-08,2.120312281306269e-08,2.6710427647458346e-08,1.8724835015859753e-08,1.5695817978667037e-08,1.8449471284043284e-08,2.368141061026563e-08,2.2855314085745704e-08
1967,1.6182218232074774e-08,1.7487236547708562e-08,2.114128605512633e-08,2.6361355764947803e-08,3.0537410822262245e-08,2.5317341112440772e-08,3.105941814851576e-08,1.4616197141492648e-08,1.8009243873962077e-08,1.7226232884581805e-08,2.7144366754328075e-08,2.0619278728872814e-08
1968,2.7430838045461314e-08,3.0558915398160025e-08,3.825880057206632e-08,3.3686994527215575e-08,3.585258667726521e-08,3.0318293653408546e-08,2.57464876085578e-08,2.6468352842812237e-08,1.92497111584089e-08,2.6708972811206877e-08,3.6333830166768166e-08,2.8152701503358912e-08
1969,1.6708568750800623e-08,2.80897669568958e-08,3.6565126038112794e-08,3.293282802019348e-08,3.293282802019348e-08,2.687900035880375e-08,2.9542684742978054e-08,3.2206369127152357e-08,2.1793784554802187e-08,2.663684739445671e-08,3.390144343029533e-08,2.663684739445671e-08
1970,2.1729276156179367e-08,2.78041270007634e-08,2.5467645770049785e-08,2.196292392397936e-08,2.8738719848320216e-08,2.9906960463677024e-08,2.5467645770049785e-08,3.0607903767077005e-08,2.64022386176066e-08,2.5934943082006612e-08,3.738369969141786e-08,2.2897516771536175e-08
1971,9.879476792207242e-09,2.093508300049507e-08,2.1405533345841832e-08,2.093508300049507e-08,2.540437016307351e-08,2.117030817316845e-08,2.069985605146485e-08,1.881805111736412e-08,1.670102101059001e-08,1.9758953584414485e-08,2.4463467696023145e-08,1.9758953584414485e-08
1972,1.2574259855568926e-08,2.2405044930451368e-08,2.0347439289025715e-08,1.1888391604486515e-08,2.1947800021848707e-08,2.1261930882587876e-08,2.331953652401353e-08,1.623222622981757e-08,1.623222622981757e-08,1.8289833647600062e-08,2.469127480253519e-08,1.3260128994829756e-08
1973,1.36361526514861e-08,2.3510606794729938e-08,1.4576576390368245e-08,2.2805288324434514e-08,2.209997163049593e-08,1.5752107174193952e-08,1.2930834181190676e-08,1.71627441147848e-08,1.5752107174193952e-08,1.880848543578395e-08,1.8338273122253668e-08,1.9513803906079374e-08
1974,8.01625610336032e-09,8.01625610336032e-09,1.2495928736200312e-08,1.0845522702140897e-08,1.2967473317360145e-08,1.0845522702140897e-08,1.131706728330073e-08,1.4146333882081308e-08,1.1552839573880647e-08,8.723572975100069e-09,1.5796739916140723e-08,1.131706728330073e-08
1975,9.759508756701507e-09,1.719532605193308e-08,1.5568740963090022e-08,1.161846352459861e-08,1.8589540573543673e-08,1.4406894344176635e-08,1.0224247226631178e-08,1.161846352459861e-08,1.6265849112073738e-08,1.2780309255333577e-08,1.766006363368433e-08,1.0921355375614894e-08
1976,6.291974941063927e-09,1.775235780598905e-08,1.3033376156101895e-08,1.2134522719975394e-08,1.4606370335457086e-08,6.291974941063927e-09,1.0336815847722391e-08,7.190828377190428e-09,8.98853524944343e-09,8.98853524944343e-09,1.2134522719975394e-08,8.98853524944343e-09
1977,7.732829487849813e-09,1.0163146768604747e-08,9.279395030148407e-09,9.500332964762492e-09,1.3919092545222611e-08,9.279395030148407e-09,9.942208833990662e-09,8.837519160920237e-09,9.721270899376577e-09,7.070015239918348e-09,1.7675038321840475e-08,1.0605022637832917e-08
1978,7.64007346276685e-09,1.0696102670237906e-08,1.3097268158901443e-08,1.0477814171849786e-08,1.61532973663725e-08,6.548634079450721e-09,1.0259526561640087e-08,1.0259526561640087e-08,9.168087622413168e-09,6.330346469241022e-09,1.1569253999255125e-08,1.0914390280447606e-08
1979,4.418640564551879e-09,6.522755668925129e-09,9.468515749233575e-09,9.889339125379593e-09,6.31234398085212e-09,5.891521048795312e-09,5.470698116738504e-09,5.260286428665495e-09,3.787406388511272e-09,6.101932292779111e-09,8.41645864113616e-09,5.681109804811513e-09
1980,6.610268776796602e-09,1.2600825272102156e-08,8.262835748951147e-09,8.262835748951147e-09,1.0741686651272175e-08,1.053511589077516e-08,6.403698016299586e-09,6.1971268117133604e-09,7.229981502376859e-09,7.023410741879843e-09,7.849694227957116e-09,7.849694227957116e-09
1981,4.115780605218333e-09,3.704202500287579e-09,7.408405000575158e-09,3.704202500287579e-09,6.791037954201329e-09,5.96788174433982e-09,5.762092580852141e-09,3.704202500287579e-09,4.733147651592162e-09,3.4984133367998993e-09,5.96788174433982e-09,5.556303861453671e-09
1982,3.936118542213762e-09,2.9520890176826242e-09,4.132924669164595e-09,5.116954415740338e-09,6.100983718226871e-09,6.100983718226871e-09,4.920148288789505e-09,4.920148288789505e-09,4.329730352026218e-09,2.7552831127763966e-09,4.723342605927883e-09,2.9520890176826242e-09
1983,1.5284890020339503e-09,7.642445010169752e-10,2.1016723916744695e-09,2.483794725449684e-09,2.483794725449684e-09,3.821222449573725e-09,3.6301612826861174e-09,2.2927335585620767e-09,1.1463667792810384e-09,2.2927335585620767e-09,2.6748556702926862e-09,1.7195501689215575e-09
1984,3.765549649870081e-09,2.5103663592318526e-09,2.5103663592318526e-09,3.5862377512074772e-09,2.1517425619066444e-09,3.406925852544873e-09,1.7931188756037386e-09,2.5103663592318526e-09,5.020732718463705e-09,3.048302055219665e-09,5.379356515788913e-09,2.3310544605692485e-09
1985,1.2168377416799103e-09,1.0430037944431092e-09,1.3906716889167114e-09,1.7383395833903137e-09,1.7383395833903137e-09,2.4336754833598206e-09,2.259841425100717e-09,2.781343377833423e-09,2.259841425100717e-09,1.3906716889167114e-09,1.3906716889167114e-09,5.215018972215546e-10
1986,2.2999229187803394e-09,1.4785217494761582e-09,3.1213238660399156e-09,2.792763353909322e-09,3.28560401108291e-09,1.971362406649746e-09,3.6141645232135033e-09,2.13564255169274e-09,2.792763353909322e-09,2.628483208866328e-09,2.9570434989523164e-09,1.8070822616067517e-09
1987,2.8860429601706983e-09,3.2067144495329103e-09,4.9704071969358665e-09,3.6877214615316234e-09,3.8480569841681245e-09,4.0083927288492305e-09,4.3290642182114425e-09,6.734099944338823e-09,5.4514144309791845e-09,2.7257072154895923e-09,3.6877214615316234e-09,3.2067144495329103e-09
1988,1.5373486927927615e-09,1.6910836064809587e-09,2.152288125500945e-09,2.9209625829196284e-09,2.613492755543234e-09,6.61059962325794e-09,2.7672277802537337e-09,2.9209625829196284e-09,2.152288125500945e-09,2.3060231502114448e-09,4.765781103088784e-09,4.150841448335996e-09
1989,1.3079747285260623e-09,1.3079747285260623e-09,2.6159494570521247e-09,2.761280093466212e-09,2.179957991899073e-09,4.214585125339454e-09,2.4706188206380375e-09,1.7439663047014164e-09,1.5986357793096317e-09,3.3426021950333507e-09,3.3426021950333507e-09,1.5986357793096317e-09
1990,1.3452718938822272e-09,1.6143263392720542e-09,2.6905437877644545e-09,2.017907840823341e-09,2.5560167316029947e-09,9.416903923309405e-10,1.883380784661881e-09,9.416903923309405e-10,6.726359469411136e-10,2.1524351190294055e-09,2.6905437877644545e-09,1.6143263392720542e-09
1991,1.2421081940772183e-09,8.280721108810951e-10,1.3801202403129764e-09,2.898252304817106e-09,3.3122884435243805e-09,1.1040961478414602e-09,2.070180249447162e-09,1.6561442217621902e-09,9.66084101605702e-10,1.2421081940772183e-09,2.3462043419186784e-09,1.7941562679979484e-09
1992,1.1277443423551858e-09,1.1277443423551858e-09,2.2554886847103717e-09,3.3832332491101624e-09,2.380793784340085e-09,2.631403539510302e-09,2.2554886847103717e-09,2.2554886847103717e-09,2.380793784340085e-09,7.51829598577558e-10,1.8795740519550463e-09,1.3783543195700076e-09
1993,1.3976599877452145e-09,1.5247200169099528e-09,3.0494400338199057e-09,2.4141399990185164e-09,1.2706000696027786e-09,2.032960022546604e-09,2.2870800808760805e-09,1.905900104404168e-09,3.3035600921493824e-09,7.623600084549764e-10,2.2870800808760805e-09,6.353000348013893e-10
1994,2.0158006375226023e-09,3.0829891972672385e-09,2.727259751367228e-09,2.727259751367228e-09,2.0158006375226023e-09,1.778647673589262e-09,2.608683269400558e-09,2.0158006375226023e-09,5.573095762656521e-09,1.6600711916225919e-09,2.2529536014559426e-09,1.5414945986336193e-09
1995,1.4953265292660944e-09,2.0704520320435904e-09,2.0704520320435904e-09,1.0352260160217952e-09,1.4953265292660944e-09,1.2652762171327936e-09,3.4507534607541857e-09,1.840401830932592e-09,8.051758149107968e-10,2.0704520320435904e-09,2.8756279579766897e-09,1.0352260160217952e-09
1996,1.1976108993394519e-09,1.306484698204713e-09,2.2863482218582476e-09,1.8508532484418083e-09,1.6331058727558911e-09,3.04846414778126e-09,3.3750853223324384e-09,1.6331058727558911e-09,1.0887372114964933e-09,9.798635236535347e-10,2.1774744229929865e-09,2.3952217986789037e-09
1997,1.4839998119242637e-09,7.419999059621318e-10,8.479998925281507e-10,2.225999828908698e-09,2.1199997313203767e-09,3.0739997214368486e-09,3.0739997214368486e-09,1.3779998253582448e-09,9.539998790941695e-10,1.8019997716223202e-09,2.0139996337320554e-09,7.419999059621318e-10
1998,7.085769748726989e-10,1.3159286993413843e-09,1.92328042381007e-09,2.5306321482787553e-09,2.6318573986827687e-09,1.8220551734060564e-09,2.5306321482787553e-09,2.0245056742140832e-09,2.429406897874742e-09,2.22695617502211e-09,2.429406897874742e-09,2.1257309246180967e-09
1999,2.000057008899603e-09,2.1905388614129606e-09,3.428669348437552e-09,4.1905958703125634e-09,2.8572244570312932e-09,2.8572244570312932e-09,2.7619835307746143e-09,1.904816304687529e-09,2.000057008899603e-09,5.428726357337155e-09,2.952465383287972e-09,1.714334674218776e-09
2000,8.506285120724044e-10,9.35691413239681e-10,1.3610056415203076e-09,1.5311313328325582e-09,1.2759427958641822e-09,2.126571363447738e-09,2.0415085177916126e-09,1.6161941784886835e-09,1.6161941784886835e-09,2.0415085177916126e-09,2.126571363447738e-09,1.7863198698009342e-09
2001,1.76108971849942e-09,3.3544567124010882e-09,5.199408015243989e-09,4.444655310464896e-09,3.773763967984678e-09,3.773763967984678e-09,4.276932141777934e-09,2.9351496788621034e-09,3.52217943699884e-09,2.9351496788621034e-09,6.3734679756066726e-09,2.8512880945186225e-09
2002,1.5198020619777708e-09,1.0638614433844396e-09,1.5198020619777708e-09,2.0517327836699906e-09,2.2037129898677676e-09,2.2037129898677676e-09,1.8997525774722135e-09,2.127722886768879e-09,1.375420843885422e-08,1.139851546483328e-09,1.8997525774722135e-09,1.139851546483328e-09
2003,3.3507090435591635e-09,4.327999292286222e-09,4.956257182442414e-09,4.537418440975216e-09,4.956257182442414e-09,6.282579345651129e-09,4.537418440975216e-09,4.397805675182553e-09,2.799238174588936e-08,3.7695477850263615e-09,4.886450799546083e-09,3.909160550819024e-09
2004,2.588883329934788e-09,2.394717091291909e-09,4.983600199182092e-09,5.177766659869576e-09,4.5952677218963345e-09,4.012769228012303e-09,2.9772158072205457e-09,2.718327341000304e-09,4.265185182816822e-08,2.653605335467546e-09,3.818602767324819e-09,2.524161102357425e-09
2005,2.9693578706968538e-09,3.695201034048523e-09,5.212872800086643e-09,5.2788582394214245e-09,4.619001181538351e-09,5.54280132902818e-09,5.54280132902818e-09,4.2230867691728236e-09,3.180512209155495e-08,4.619001181538351e-09,6.862515888883536e-09,4.2230867691728236e-09
2006,5.536660463434373e-09,4.354676619300335e-09,7.90062770761324e-09,7.651789424301114e-09,7.71399921717375e-09,7.340740904027143e-09,6.096547267020469e-09,5.038983008631703e-09,1.791638482018243e-08,5.4122413217783105e-09,6.594224721823139e-09,5.4122413217783105e-09
2007,3.2924292181490955e-09,3.762776312754568e-09,6.173304978318583e-09,6.878825509204489e-09,5.585371276595197e-09,6.232098392899843e-09,5.644164247087247e-09,3.762776312754568e-09,1.505110525101827e-08,3.821569727335827e-09,6.290891807481103e-09,4.762263916546772e-09
2008,1.0173836884064258e-08,9.195582961751825e-09,1.3499898976476743e-08,1.2423819306661699e-08,1.535858018542058e-08,1.4967278971766973e-08,1.330424748147152e-08,1.5749881399074184e-08,1.839116592350365e-08,1.0858614452047277e-08,1.2472732180413004e-08,1.1592304005603182e-08
